datetime;P_kW;DRFI
2014-05-01 00:00:00;976,1896790057438;
2014-05-01 00:30:00;943,4785141268902;
2014-05-01 01:00:00;906,6370844356355;
2014-05-01 01:30:00;867,7876360497144;
2014-05-01 02:00:00;829,0784739509838;
2014-05-01 02:30:00;792,955109495363;
2014-05-01 03:00:00;761,6657680805206;
2014-05-01 03:30:00;737,3490508506179;
2014-05-01 04:00:00;721,3467828049735;
2014-05-01 04:30:00;714,1818055014941;
2014-05-01 05:00:00;715,8474457166467;
2014-05-01 05:30:00;726,0329464305164;
2014-05-01 06:00:00;743,7914030639953;
2014-05-01 06:30:00;767,6623776238332;
2014-05-01 07:00:00;795,7590329532654;
2014-05-01 07:30:00;826,0377651841296;
2014-05-01 08:00:00;856,3031151306162;
2014-05-01 08:30:00;884,4949738174388;
2014-05-01 09:00:00;909,085289528067;
2014-05-01 09:30:00;929,0096460734616;
2014-05-01 10:00:00;943,8268215063363;
2014-05-01 10:30:00;953,6767494255788;
2014-05-01 11:00:00;959,2211920676948;
2014-05-01 11:30:00;961,4360451841766;
2014-05-01 12:00:00;961,5598368970117;
2014-05-01 12:30:00;960,672351657752;
2014-05-01 13:00:00;959,7223137953617;
2014-05-01 13:30:00;959,3457552498228;
2014-05-01 14:00:00;960,1039272233226;
2014-05-01 14:30:00;962,3015542369168;
2014-05-01 15:00:00;966,1615238656362;
2014-05-01 15:30:00;971,7569826257376;
2014-05-01 16:00:00;979,1594966576574;
2014-05-01 16:30:00;988,4648744590922;
2014-05-01 17:00:00;999,690134365124;
2014-05-01 17:30:00;1012,7560941934939;
2014-05-01 18:00:00;1027,6379850943708;
2014-05-01 18:30:00;1044,213169172529;
2014-05-01 19:00:00;1062,0820507033502;
2014-05-01 19:30:00;1080,7166213978178;
2014-05-01 20:00:00;1099,3356392830428;
2014-05-01 20:30:00;1116,9102848049836;
2014-05-01 21:00:00;1132,3057961042887;
2014-05-01 21:30:00;1144,186280062895;
2014-05-01 22:00:00;1151,2393657003684;
2014-05-01 22:30:00;1152,2734111045927;
2014-05-01 23:00:00;1146,3454412949015;
2014-05-01 23:30:00;1132,952884375594;0,3252399010652852
2014-05-02 00:00:00;1112,269975849489;0,3239582958145129
2014-05-02 00:30:00;1085,1406834643903;0,3232115506909934
2014-05-02 01:00:00;1053,0499623131873;0,31687622916511143
2014-05-02 01:30:00;1017,944532502248;0,31748512612599544
2014-05-02 02:00:00;982,2090126726345;0,318793589491632
2014-05-02 02:30:00;948,3702127686429;0,30789377846531873
2014-05-02 03:00:00;918,8929954926771;0,3035699543633727
2014-05-02 03:30:00;895,942119087201;0,30240413408580125
2014-05-02 04:00:00;881,13617122153;0,3038440065957755
2014-05-02 04:30:00;875,4188545396395;0,3045227244196399
2014-05-02 05:00:00;879,0018311864535;0,3029423390710694
2014-05-02 05:30:00;891,3534966684679;0,29995223592703046
2014-05-02 06:00:00;911,2550993374525;0,302122022146484
2014-05-02 06:30:00;937,0033076775109;0,2982414588207892
2014-05-02 07:00:00;966,4886964426886;0,2967575099975061
2014-05-02 07:30:00;997,468306923725;0,3003954883797896
2014-05-02 08:00:00;1027,8636505908776;0,29807738090596203
2014-05-02 08:30:00;1055,8561885389242;0,29692996945187383
2014-05-02 09:00:00;1080,0114121302947;0,2967872290472209
2014-05-02 09:30:00;1099,4564627138807;0,29730739080091273
2014-05-02 10:00:00;1113,8940508350236;0,2977001855030809
2014-05-02 10:30:00;1123,5167804286534;0,2925704156009707
2014-05-02 11:00:00;1128,8494456678436;0,29476264099955307
2014-05-02 11:30:00;1130,673205404373;0,29672856571155204
2014-05-02 12:00:00;1129,8136462379007;0,2920579854188603
2014-05-02 12:30:00;1127,0374877481631;0,2940019721818394
2014-05-02 13:00:00;1123,0171539301184;0,28998383486704365
2014-05-02 13:30:00;1118,25332776645;0,2917835708877776
2014-05-02 14:00:00;1113,075024131209;0,286459036539418
2014-05-02 14:30:00;1107,7133004747684;0,2871412952110161
2014-05-02 15:00:00;1102,408130254437;0,28744748385790553
2014-05-02 15:30:00;1097,4013086983373;0,2807140211343048
2014-05-02 16:00:00;1093,0181389537665;0,28024418584217536
2014-05-02 16:30:00;1089,653037545658;0,27949337610132885
2014-05-02 17:00:00;1087,7754898570938;0,2716656342411323
2014-05-02 17:30:00;1087,8662217106462;0,26920517300214153
2014-05-02 18:00:00;1090,3082686441874;0,26677092443399925
2014-05-02 18:30:00;1095,4722163832762;0,26453614865555525
2014-05-02 19:00:00;1103,4346445942986;0,2563930261329697
2014-05-02 19:30:00;1113,9044460156797;0,25496138207956653
2014-05-02 20:00:00;1126,217661396366;0,2540853682042916
2014-05-02 20:30:00;1139,4047577826975;0,25381722796515244
2014-05-02 21:00:00;1152,1178318491006;0,2604196576397013
2014-05-02 21:30:00;1162,7176540316368;0,2600964503674896
2014-05-02 22:00:00;1169,4960544522921;0,2606654284753223
2014-05-02 22:30:00;1170,7798225411013;0,25971023918718195
2014-05-02 23:00:00;1165,1921760136306;0,2582489846523512
2014-05-02 23:30:00;1151,841533577593;0,25688657390957537
2014-05-03 00:00:00;1130,5355454587777;0,2558333101077536
2014-05-03 00:30:00;1101,8876557094584;0,25526309706736316
2014-05-03 01:00:00;1067,260472229422;0,2552888244152576
2014-05-03 01:30:00;1028,6437752184813;0,2559842928809745
2014-05-03 02:00:00;988,4807326466764;0,25642607424543545
2014-05-03 02:30:00;949,4831664690352;0,2584110225597438
2014-05-03 03:00:00;914,3417684193485;0,26095833359491455
2014-05-03 03:30:00;885,4817578749221;0,2638999736690651
2014-05-03 04:00:00;864,8422055079011;0,2670282387532197
2014-05-03 04:30:00;853,6863273349984;0,2686285464738392
2014-05-03 05:00:00;852,489825276879;0,2663266171667096
2014-05-03 05:30:00;860,9315135478104;0,2639648492122733
2014-05-03 06:00:00;877,9600086534476;0,26217746570547135
2014-05-03 06:30:00;901,9125108153867;0,2610566214408142
2014-05-03 07:00:00;930,690127031226;0,25819123199073263
2014-05-03 07:30:00;961,9761170115318;0,26202597433194885
2014-05-03 08:00:00;993,4441500790156;0,2624501784367449
2014-05-03 08:30:00;1023,0086496467794;0,2695411379788753
2014-05-03 09:00:00;1048,991034582919;0,270633064700298
2014-05-03 09:30:00;1070,2426766645133;0,27179824198738284
2014-05-03 10:00:00;1086,1471034770161;0,272864960723923
2014-05-03 10:30:00;1096,593381060534;0,27369498769315875
2014-05-03 11:00:00;1101,927568434983;0,2741903428525331
2014-05-03 11:30:00;1102,76442330584;0,2739397145591028
2014-05-03 12:00:00;1099,8579952865298;0,27370266149199385
2014-05-03 12:30:00;1094,0093654390685;0,27379236232332727
2014-05-03 13:00:00;1085,9548621331576;0,27415104174674165
2014-05-03 13:30:00;1076,316191046604;0,27471003215546097
2014-05-03 14:00:00;1065,642764062083;0,2753971971238725
2014-05-03 14:30:00;1054,438449603495;0,27615411664638334
2014-05-03 15:00:00;1043,1559197106465;0,2769352655395855
2014-05-03 15:30:00;1032,2911526806336;0,27770572748342637
2014-05-03 16:00:00;1022,4198154499823;0,2846805969549453
2014-05-03 16:30:00;1014,2081626521434;0,2853241770977087
2014-05-03 17:00:00;1008,3698684365631;0,2858076117939012
2014-05-03 17:30:00;1005,5841641714288;0,2851354400578821
2014-05-03 18:00:00;1006,4506848067961;0,2897283417056079
2014-05-03 18:30:00;1011,3476853168648;0,288323248659526
2014-05-03 19:00:00;1020,3266639877797;0,28725333316681834
2014-05-03 19:30:00;1033,0039126894565;0,2865880665679913
2014-05-03 20:00:00;1048,552474298301;0,2926168396351985
2014-05-03 20:30:00;1065,6525963582912;0,2928520510436124
2014-05-03 21:00:00;1082,62772299867;0,28728945950672446
2014-05-03 21:30:00;1097,5309133602161;0,288379964404874
2014-05-03 22:00:00;1108,286453185986;0,28978687488929444
2014-05-03 22:30:00;1112,8489216653845;0,2898009341899277
2014-05-03 23:00:00;1109,4852747009531;0,28277751135360724
2014-05-03 23:30:00;1097,1743047987022;0,28334931940379965
2014-05-04 00:00:00;1075,6706364038344;0,28383641940174736
2014-05-04 00:30:00;1045,6221343452212;0,282302525555614
2014-05-04 01:00:00;1008,5596155163281;0,28140820908194936
2014-05-04 01:30:00;966,7624611979945;0,28743219691599314
2014-05-04 02:00:00;923,0674547631115;0,288201015158295
2014-05-04 02:30:00;880,5862450635022;0,2943958444350419
2014-05-04 03:00:00;842,4309511071059;0,2965073594322021
2014-05-04 03:30:00;811,4111467205234;0,2988593566855206
2014-05-04 04:00:00;789,7789487297728;0,3012336580110945
2014-05-04 04:30:00;778,9789612177943;0,30341627781549485
2014-05-04 05:00:00;779,5685591481727;0,3017664403722091
2014-05-04 05:30:00;791,1714404805479;0,3006461542707309
2014-05-04 06:00:00;812,5510184312208;0,3001477249489734
2014-05-04 06:30:00;841,7950715824861;0,3003111291093986
2014-05-04 07:00:00;876,5006281658024;0,3060590581157169
2014-05-04 07:30:00;914,0065974806623;0,30837811092558365
2014-05-04 08:00:00;951,6678550969311;0,3097732819127714
2014-05-04 08:30:00;987,0757640448767;0,3115129402321877
2014-05-04 09:00:00;1018,2585319184411;0,31341077140110446
2014-05-04 09:30:00;1043,8051096807553;0,3152842622717312
2014-05-04 10:00:00;1062,9122142708884;0,3169715574845642
2014-05-04 10:30:00;1075,334011830337;0,31833155378366235
2014-05-04 11:00:00;1081,3203834677017;0,31927203767428886
2014-05-04 11:30:00;1081,517448643128;0,31848171330629527
2014-05-04 12:00:00;1076,8433970811152;0,3180117419114339
2014-05-04 12:30:00;1068,331988360485;0,31787503226450026
2014-05-04 13:00:00;1057,0412839744022;0,3179704384292788
2014-05-04 13:30:00;1043,9781307268472;0,3181957171726516
2014-05-04 14:00:00;1030,0580298398497;0,31846204851684173
2014-05-04 14:30:00;1016,1452577798558;0,3186839622830706
2014-05-04 15:00:00;1003,0607274848027;0,3187984565277109
2014-05-04 15:30:00;991,6372823753292;0,31876058974545896
2014-05-04 16:00:00;982,6569965698607;0,3248084472865574
2014-05-04 16:30:00;976,875955309569;0,3244471546473322
2014-05-04 17:00:00;974,9873260378075;0,32393798046112876
2014-05-04 17:30:00;977,5434173677761;0,3240461178872629
2014-05-04 18:00:00;984,866747237653;0,32437621886267376
2014-05-04 18:30:00;996,9618748202157;0,32492510581347284
2014-05-04 19:00:00;1013,4300334930372;0,325692329745854
2014-05-04 19:30:00;1033,4163273664121;0,32667012906322396
2014-05-04 20:00:00;1055,5648304079666;0,3278439052391019
2014-05-04 20:30:00;1078,0946552092166;0,3291797274147583
2014-05-04 21:00:00;1098,8953704836906;0,33062659622986507
2014-05-04 21:30:00;1115,6937180544337;0,3316259662066997
2014-05-04 22:00:00;1126,2674037317272;0,33127249613138776
2014-05-04 22:30:00;1128,6723045674846;0,3307999365852752
2014-05-04 23:00:00;1121,5004162828704;0,3298002721348524
2014-05-04 23:30:00;1104,0976216242784;0,3289776162590133
2014-05-05 00:00:00;1076,6582149644548;0,3284222699286495
2014-05-05 00:30:00;1040,2914356357949;0,3282218880883613
2014-05-05 01:00:00;996,9794157896002;0,3284413954749341
2014-05-05 01:30:00;949,4071188470743;0,32911799888093296
2014-05-05 02:00:00;900,7666565524829;0,3323629496121354
2014-05-05 02:30:00;854,438277485726;0,3351455878485748
2014-05-05 03:00:00;813,6834733206897;0,33728770089488097
2014-05-05 03:30:00;781,3465743275758;0,33964132191052854
2014-05-05 04:00:00;759,5537391650936;0,34205754120011606
2014-05-05 04:30:00;749,5442349212768;0,3441324599328447
2014-05-05 05:00:00;751,5569409581682;0,3420920956741885
2014-05-05 05:30:00;764,8534406387128;0,3403757808199821
2014-05-05 06:00:00;787,8125736281585;0,33904663281830144
2014-05-05 06:30:00;818,1072248832602;0,3381217203400159
2014-05-05 07:00:00;852,926241894205;0,3429016962118411
2014-05-05 07:30:00;889,2758125226079;0,34424164961351195
2014-05-05 08:00:00;924,2606181453742;0,34389759211341275
2014-05-05 08:30:00;955,3399524850831;0,3435824609753801
2014-05-05 09:00:00;980,5394411039572;0,3431588987905525
2014-05-05 09:30:00;998,57140281043;0,3425076354181549
2014-05-05 10:00:00;1008,8778100821237;0,3415487714508495
2014-05-05 10:30:00;1011,5773224142239;0,34024476483609395
2014-05-05 11:00:00;1007,360746746041;0,3404248870851475
2014-05-05 11:30:00;997,372835282835;0,34078746450372616
2014-05-05 12:00:00;983,0071031328368;0,34117296316181495
2014-05-05 12:30:00;965,755830287594;0,3414953008673054
2014-05-05 13:00:00;947,1006442418638;0,3479136858230585
2014-05-05 13:30:00;928,409283907726;0,3478458063796458
2014-05-05 14:00:00;910,8599446739537;0,34749207055977793
2014-05-05 14:30:00;895,4760561060353;0,35307888819768835
2014-05-05 15:00:00;883,1079170599363;0,35314366246689494
2014-05-05 15:30:00;874,4713350630651;0,3533653386547782
2014-05-05 16:00:00;870,1434154205002;0,3526773500449787
2014-05-05 16:30:00;870,5783376894293;0,35757685877838324
2014-05-05 17:00:00;876,089803682882;0,3572482131274535
2014-05-05 17:30:00;886,8130696730739;0,35709200941199454
2014-05-05 18:00:00;902,6464933949716;0,35708959667291174
2014-05-05 18:30:00;923,168732668233;0,3634861634979474
2014-05-05 19:00:00;947,5989961074763;0,3637939235987464
2014-05-05 19:30:00;974,7451330223881;0,36429099750577315
2014-05-05 20:00:00;1003,0436398967512;0,3650148800992623
2014-05-05 20:30:00;1030,5785424850594;0,36599660558326763
2014-05-05 21:00:00;1055,2330268008768;0,367258785368024
2014-05-05 21:30:00;1074,816920315448;0,3687978520156154
2014-05-05 22:00:00;1087,2736502574949;0,36433053316946495
2014-05-05 22:30:00;1090,916040391397;0,36456469676278136
2014-05-05 23:00:00;1084,6605329031368;0,365146339820252
2014-05-05 23:30:00;1068,1624608340148;0,3649662368231575
2014-05-06 00:00:00;1041,9516061969052;0,3623409807779101
2014-05-06 00:30:00;1007,4384696581391;0,36003781021323855
2014-05-06 01:00:00;966,8526666098461;0,35816762003651514
2014-05-06 01:30:00;923,065898027615;0,3568130363376972
2014-05-06 02:00:00;879,3245832654408;0,3560155019931393
2014-05-06 02:30:00;838,9564783777688;0,3563306290131517
2014-05-06 03:00:00;805,0582889727922;0,3566889389475322
2014-05-06 03:30:00;780,1917281307478;0,3573782512928804
2014-05-06 04:00:00;766,1425003158433;0,3582759520021868
2014-05-06 04:30:00;763,7564692208498;0,35834508155884554
2014-05-06 05:00:00;772,8570829247702;0,3573840792927563
2014-05-06 05:30:00;792,304000396051;0,35656991765150636
2014-05-06 06:00:00;820,1380474881297;0,3559862848488293
2014-05-06 06:30:00;853,7703555744808;0,35546959236529735
2014-05-06 07:00:00;890,2620907563083;0,35769916678105634
2014-05-06 07:30:00;926,5900448189947;0,35213176803272106
2014-05-06 08:00:00;959,973569747726;0,35301254147471417
2014-05-06 08:30:00;988,1125252050475;0,35400498328298785
2014-05-06 09:00:00;1009,364536549128;0,3550195640767513
2014-05-06 09:30:00;1022,8515862335406;0,3559787244862834
2014-05-06 10:00:00;1028,4515938894565;0,35682707759013343
2014-05-06 10:30:00;1026,7385012923512;0,3564206224279677
2014-05-06 11:00:00;1018,8261910449618;0,35607234753873446
2014-05-06 11:30:00;1006,1887573664304;0,3557748857473919
2014-05-06 12:00:00;990,485838410415;0,3555041120696627
2014-05-06 12:30:00;973,3703769185004;0,355236622150204
2014-05-06 13:00:00;956,3508629875279;0,3549561054610536
2014-05-06 13:30:00;940,6903681138268;0,3546576730179279
2014-05-06 14:00:00;927,3980993424652;0,3543568710087364
2014-05-06 14:30:00;917,2197847532952;0,3540866076067778
2014-05-06 15:00:00;910,6704830449164;0,35389786798047496
2014-05-06 15:30:00;908,0921876817788;0,3538454883099852
2014-05-06 16:00:00;909,6952292554365;0,3534643150224787
2014-05-06 16:30:00;915,5834833069085;0,35200937309444197
2014-05-06 17:00:00;925,750430642888;0,3502801917097009
2014-05-06 17:30:00;940,0758903805724;0,34990394032044186
2014-05-06 18:00:00;958,2639440986376;0,34994395806249123
2014-05-06 18:30:00;979,7959922825476;0,3436165025745131
2014-05-06 19:00:00;1003,8862994833811;0,34349892152519834
2014-05-06 19:30:00;1029,4468165564992;0,3434351968687465
2014-05-06 20:00:00;1055,07877392647;0,3435304230960505
2014-05-06 20:30:00;1079,1198208834994;0,3438782710276258
2014-05-06 21:00:00;1099,7294196242606;0,34290119149869686
2014-05-06 21:30:00;1115,0427593461152;0,3473715790539257
2014-05-06 22:00:00;1123,3412358210614;0,3472492253696957
2014-05-06 22:30:00;1123,2557651843128;0,3462287384461652
2014-05-06 23:00:00;1113,9464656727712;0,3449560633735005
2014-05-06 23:30:00;1095,2626098838496;0,3435878578823014
2014-05-07 00:00:00;1067,832663197877;0,3423037790855513
2014-05-07 00:30:00;1033,0918699071951;0,3412863636885478
2014-05-07 01:00:00;993,1949080078011;0,3407005483376674
2014-05-07 01:30:00;950,8391584899698;0,3406729886844723
2014-05-07 02:00:00;909,0286166866738;0,3417556298205706
2014-05-07 02:30:00;870,7888013565495;0,34267078399028467
2014-05-07 03:00:00;838,8754693040828;0,3441723266400433
2014-05-07 03:30:00;815,510141819074;0,3461659480413577
2014-05-07 04:00:00;802,1538619869957;0,34851863195904914
2014-05-07 04:30:00;799,3733333896216;0,3471125404784957
2014-05-07 05:00:00;806,8020618539715;0,344469143445408
2014-05-07 05:30:00;823,189111970896;0,3419527168539042
2014-05-07 06:00:00;846,5562159157057;0,33969726205971573
2014-05-07 06:30:00;874,4136890075977;0,33780158596456406
2014-05-07 07:00:00;904,0094407620684;0,33294179029961196
2014-05-07 07:30:00;932,6336026470042;0,3319673136551559
2014-05-07 08:00:00;957,8609211284943;0,33131320909336753
2014-05-07 08:30:00;977,7855235594991;0,3309215856803714
2014-05-07 09:00:00;991,1762825947619;0,330719088503438
2014-05-07 09:30:00;997,5342336590346;0,330630911680284
2014-05-07 10:00:00;997,086189930941;0,33629209075037303
2014-05-07 10:30:00;990,662479125763;0,33560701454542907
2014-05-07 11:00:00;979,5333961735655;0,33488477368125164
2014-05-07 11:30:00;965,218894840755;0,3341710631960689
2014-05-07 12:00:00;949,2946622015803;0,3334972614223811
2014-05-07 12:30:00;933,2254754998125;0,33288565740783393
2014-05-07 13:00:00;918,249016309;0,33235190601175224
2014-05-07 13:30:00;905,3069980061787;0,33237816739070425
2014-05-07 14:00:00;895,0228850729545;0,33461638451561687
2014-05-07 14:30:00;887,7426715126585;0,3378534605409622
2014-05-07 15:00:00;883,6080232891725;0,33394930147747304
2014-05-07 15:30:00;882,6282669118642;0,3344992156682173
2014-05-07 16:00:00;884,7591090392874;0,33343354130550984
2014-05-07 16:30:00;889,942658555274;0,33209400662801225
2014-05-07 17:00:00;898,1234398822173;0,33048183552266447
2014-05-07 17:30:00;909,2315394164289;0,33488375868974307
2014-05-07 18:00:00;923,1336990886545;0,3328727033661224
2014-05-07 18:30:00;939,5707509267519;0,3308048217762912
2014-05-07 19:00:00;958,0728371511758;0,32880927853105524
2014-05-07 19:30:00;977,903898417432;0,32702838977023463
2014-05-07 20:00:00;998,044097740468;0,32560385713734774
2014-05-07 20:30:00;1017,2025980158661;0,32466095296935615
2014-05-07 21:00:00;1033,884419988538;0,3242893893333221
2014-05-07 21:30:00;1046,4971621395048;0,3245287752899419
2014-05-07 22:00:00;1053,5097647407551;0,31908432016268323
2014-05-07 22:30:00;1053,6471978850584;0,31782749724552123
2014-05-07 23:00:00;1046,077037332462;0,3176382581083963
2014-05-07 23:30:00;1030,550120439342;0,3125093376456915
2014-05-08 00:00:00;1007,5376736825247;0,31155542401440384
2014-05-08 00:30:00;978,172804388027;0,3085445472389832
2014-05-08 01:00:00;944,2806527228835;0,3060742430899883
2014-05-08 01:30:00;908,2083545695967;0,30430007860535696
2014-05-08 02:00:00;872,603734557559;0,30567771752362266
2014-05-08 02:30:00;840,1690726747458;0,3058221828136162
2014-05-08 03:00:00;813,400375986159;0,30663074935508117
2014-05-08 03:30:00;794,3294140424404;0,3079717691957462
2014-05-08 04:00:00;784,3310923292324;0,3096586198221786
2014-05-08 04:30:00;783,9913423512435;0,30802733543831357
2014-05-08 05:00:00;793,0640508188812;0,3063425463773086
2014-05-08 05:30:00;810,521468875696;0,3049825273814441
2014-05-08 06:00:00;834,6695328611904;0,3041319235591438
2014-05-08 06:30:00;863,350789657241;0,3043907822477069
2014-05-08 07:00:00;894,1774930027183;0,3047989053146427
2014-05-08 07:30:00;924,7819618861045;0,30596348664923834
2014-05-08 08:00:00;953,0577328326593;0,307849187544565
2014-05-08 08:30:00;977,354507608088;0,3103726668017718
2014-05-08 09:00:00;996,5869443181172;0,31341332376032016
2014-05-08 09:30:00;1010,336106021282;0,3166298636953233
2014-05-08 10:00:00;1018,7692024624407;0,3173213877527117
2014-05-08 10:30:00;1022,5642134517416;0,31595312971800965
2014-05-08 11:00:00;1022,7061992985217;0,313116202962701
2014-05-08 11:30:00;1020,3504099564203;0,31054219348438156
2014-05-08 12:00:00;1016,6737969832285;0,3083657118542948
2014-05-08 12:30:00;1012,7127334490929;0,3066308553737439
2014-05-08 13:00:00;1009,2695120688595;0,29911274748745464
2014-05-08 13:30:00;1006,8875396845307;0,298318614527438
2014-05-08 14:00:00;1005,8585194920815;0,29174638105402184
2014-05-08 14:30:00;1006,2654294512585;0,2920811296427552
2014-05-08 15:00:00;1008,0982353062623;0,2935313178763915
2014-05-08 15:30:00;1011,2984970421874;0,28846143836605953
2014-05-08 16:00:00;1015,8492763238919;0,28875854192567907
2014-05-08 16:30:00;1021,8248991433942;0,28260367323179014
2014-05-08 17:00:00;1029,3651640064975;0,2830728047676514
2014-05-08 17:30:00;1038,6821671216023;0,28328121130622796
2014-05-08 18:00:00;1049,9760949511083;0,2770777683371337
2014-05-08 18:30:00;1063,3268158616888;0,2756545636140487
2014-05-08 19:00:00;1078,5933167549774;0,27358042918415226
2014-05-08 19:30:00;1095,3328209237488;0,2716196312215585
2014-05-08 20:00:00;1112,7761755000545;0,2762477465220198
2014-05-08 20:30:00;1129,8053398228292;0,27518288465707164
2014-05-08 21:00:00;1145,0122947413147;0,2748684830333793
2014-05-08 21:30:00;1156,819655905327;0,28170897953608026
2014-05-08 22:00:00;1163,6165203357878;0,28330598985114813
2014-05-08 22:30:00;1163,9788937618505;0,2890295739344127
2014-05-08 23:00:00;1156,8506237332087;0,28829721537335173
2014-05-08 23:30:00;1141,7277450489105;0,28767060164027863
2014-05-09 00:00:00;1118,770861741543;0,28735056703261286
2014-05-09 00:30:00;1088,8564952116556;0,2875306474246278
2014-05-09 01:00:00;1053,552062356878;0,28836669473882254
2014-05-09 01:30:00;1014,994186218564;0,2899564513691452
2014-05-09 02:00:00;975,7060140614989;0,2821436395451288
2014-05-09 02:30:00;938,3556001512321;0,2812518767780744
2014-05-09 03:00:00;905,48545386325;0,2840579952029777
2014-05-09 03:30:00;879,2754163950468;0,28737754610308597
2014-05-09 04:00:00;861,3399235170964;0,2909954168757854
2014-05-09 04:30:00;852,5855105018494;0,2908627825989407
2014-05-09 05:00:00;853,134272541715;0,28725741846246816
2014-05-09 05:30:00;862,3552014959376;0,2840758262281831
2014-05-09 06:00:00;878,9637099671359;0,2815004400270052
2014-05-09 06:30:00;901,1812799025478;0,2796580282407684
2014-05-09 07:00:00;926,93748321549;0,2781050174882588
2014-05-09 07:30:00;954,0833738590288;0,2792874594916957
2014-05-09 08:00:00;980,6154712595229;0,27985609448760723
2014-05-09 08:30:00;1004,8512848211182;0,28116463609319936
2014-05-09 09:00:00;1025,5563388017986;0,28289640360104423
2014-05-09 09:30:00;1042,0032562760844;0,28487513424069005
2014-05-09 10:00:00;1053,964779805151;0,28691856991297915
2014-05-09 10:30:00;1061,6419870819404;0,2888653782458764
2014-05-09 11:00:00;1065,5774401147285;0,28334739612227694
2014-05-09 11:30:00;1066,4838726129258;0,2831964073521946
2014-05-09 12:00:00;1065,1436252179878;0,28309767719128887
2014-05-09 12:30:00;1062,283342808488;0,2834358691098488
2014-05-09 13:00:00;1058,4836868400919;0,2841896107443759
2014-05-09 13:30:00;1054,163222887559;0,2790676815187395
2014-05-09 14:00:00;1049,5859799612956;0,2803465852065438
2014-05-09 14:30:00;1044,9269670397875;0,28129607261763556
2014-05-09 15:00:00;1040,350085962554;0,2818818725977432
2014-05-09 15:30:00;1036,0711517596924;0,2820526576603255
2014-05-09 16:00:00;1032,4096951649906;0,2817192611441133
2014-05-09 16:30:00;1029,8115449626664;0,28075563620476884
2014-05-09 17:00:00;1028,8189252875966;0,27900395985180754
2014-05-09 17:30:00;1030,0046416567263;0,27680330827103505
2014-05-09 18:00:00;1033,8791300378628;0,2746670419375828
2014-05-09 18:30:00;1040,7545132042999;0,27269879290863874
2014-05-09 19:00:00;1050,6680904194313;0,2710094680825794
2014-05-09 19:30:00;1063,2660618337766;0,26969722384413497
2014-05-09 20:00:00;1077,7437112581679;0,26883851406549214
2014-05-09 20:30:00;1092,8425683418805;0,2684741777174244
2014-05-09 21:00:00;1106,9355214600587;0,2623512619989755
2014-05-09 21:30:00;1118,158583186688;0,2629215295916495
2014-05-09 22:00:00;1124,5695082623056;0,2638280553264457
2014-05-09 22:30:00;1124,3831752582103;0,26284583597559563
2014-05-09 23:00:00;1116,1878672494402;0,2628076768529312
2014-05-09 23:30:00;1099,1499949597617;0,2632294749240844
2014-05-10 00:00:00;1073,1733534607365;0,25569798513888087
2014-05-10 00:30:00;1038,9402365449853;0,2549977257381346
2014-05-10 01:00:00;997,9302598058941;0,2612580997676664
2014-05-10 01:30:00;952,3161052703588;0,2623177314362406
2014-05-10 02:00:00;904,7974559377803;0,2628073696714122
2014-05-10 02:30:00;858,302293322968;0,27254408059129825
2014-05-10 03:00:00;815,7255415032641;0,2763572751720607
2014-05-10 03:30:00;779,6529240460451;0,2804046316114741
2014-05-10 04:00:00;752,1168184216328;0,28460293217062044
2014-05-10 04:30:00;734,4279452738347;0,2884550890661649
2014-05-10 05:00:00;727,0771398890809;0,28818802276807975
2014-05-10 05:30:00;729,7208872741978;0,28530231833858494
2014-05-10 06:00:00;741,2640745199344;0,28313769395498123
2014-05-10 06:30:00;759,9946260503534;0,28177030470666314
2014-05-10 07:00:00;783,7997978941185;0,2894292316071738
2014-05-10 07:30:00;810,388373250324;0,30635398939810526
2014-05-10 08:00:00;837,5305789848532;0,3090722811588418
2014-05-10 08:30:00;863,2469267366326;0,30891850708574997
2014-05-10 09:00:00;885,9419821798409;0,3090434630824277
2014-05-10 09:30:00;904,5300371186235;0,3155123061304026
2014-05-10 10:00:00;918,4320532556642;0,31565408737073597
2014-05-10 10:30:00;927,5442458923291;0,3155741225800349
2014-05-10 11:00:00;932,1426325136058;0,3214207362660966
2014-05-10 11:30:00;932,7640790111514;0,32004988082799596
2014-05-10 12:00:00;930,0886257583401;0,31877571086756196
2014-05-10 12:30:00;924,8216075958231;0,31783092316815587
2014-05-10 13:00:00;917,6471865885817;0,32339839328016884
2014-05-10 13:30:00;909,1997220875635;0,3228900238384636
2014-05-10 14:00:00;900,0514264063424;0,3224645675273247
2014-05-10 14:30:00;890,7288899726561;0,3220414491059958
2014-05-10 15:00:00;881,7781567280583;0,32780071436579694
2014-05-10 15:30:00;873,80562282726;0,3271856068770144
2014-05-10 16:00:00;867,5151915294218;0,33264948723793963
2014-05-10 16:30:00;863,648332573829;0,331661644974193
2014-05-10 17:00:00;862,9651231308655;0,329931462203244
2014-05-10 17:30:00;866,1453303262491;0,3344172309785053
2014-05-10 18:00:00;873,7108949852129;0,33297846690509136
2014-05-10 18:30:00;885,8952532581309;0,33192465529927473
2014-05-10 19:00:00;902,5307083911116;0,3375614751406572
2014-05-10 19:30:00;922,9481614487489;0,33743079220450756
2014-05-10 20:00:00;945,9596337780284;0,33780664729598836
2014-05-10 20:30:00;969,8584009826071;0,3386759832037331
2014-05-10 21:00:00;992,5324659966653;0,33998414301804597
2014-05-10 21:30:00;1011,6815874115154;0,3353979240805868
2014-05-10 22:00:00;1024,9955558636468;0,3372428999152218
2014-05-10 22:30:00;1030,4162020735948;0,3369850374887375
2014-05-10 23:00:00;1026,3440340308769;0,32973308415486446
2014-05-10 23:30:00;1011,8961583909182;0,3305951286425876
2014-05-11 00:00:00;987,0235785656566;0,3335386106031001
2014-05-11 00:30:00;952,6049698637116;0,3263611890034156
2014-05-11 01:00:00;910,4092597359137;0,3246172218658947
2014-05-11 01:30:00;862,9661809223658;0,32364211992399844
2014-05-11 02:00:00;813,3386447621763;0,32796732530650485
2014-05-11 02:30:00;764,8577011804973;0,33015927670785183
2014-05-11 03:00:00;720,7932700718545;0,333538212229796
2014-05-11 03:30:00;684,0650008506876;0,33584099514137933
2014-05-11 04:00:00;656,9628652049994;0,33819617927978074
2014-05-11 04:30:00;640,9551236217524;0,3403704527804738
2014-05-11 05:00:00;636,5706377515905;0,34090207061157235
2014-05-11 05:30:00;643,3862662772422;0,33989555249964315
2014-05-11 06:00:00;660,0992226770451;0,3395249578851389
2014-05-11 06:30:00;684,7082110782377;0,33981568014904484
2014-05-11 07:00:00;714,7305276632611;0,3459085258742538
2014-05-11 07:30:00;747,4591925473763;0,3536225031412218
2014-05-11 08:00:00;780,2223452474085;0,35470400114521783
2014-05-11 08:30:00;810,6092809708798;0,35598494502331124
2014-05-11 09:00:00;836,6845341278305;0,3572509444832048
2014-05-11 09:30:00;857,0983905468621;0,35830347090977155
2014-05-11 10:00:00;871,1361841855424;0,36523030659308786
2014-05-11 10:30:00;878,6844643301008;0,36542145117213115
2014-05-11 11:00:00;880,1304191893664;0,3650747298581859
2014-05-11 11:30:00;876,2563913483984;0,364768259053913
2014-05-11 12:00:00;868,0974179512671;0,3648039807411243
2014-05-11 12:30:00;856,7833841290948;0,36506978547124624
2014-05-11 13:00:00;843,437862970619;0,3654477632111902
2014-05-11 13:30:00;829,1067253904594;0,37207797364775497
2014-05-11 14:00:00;814,7385183936576;0,37236672526554304
2014-05-11 14:30:00;801,199354774756;0,3724981731240874
2014-05-11 15:00:00;789,2691845758949;0,37869386180995074
2014-05-11 15:30:00;779,6967089835709;0,3784576072359347
2014-05-11 16:00:00;773,2105553778854;0,37805741972963214
2014-05-11 16:30:00;770,5125658084168;0,37752191702586824
2014-05-11 17:00:00;772,2161706135045;0,38243033003571697
2014-05-11 17:30:00;778,8182886156402;0,3812435305412744
2014-05-11 18:00:00;790,5922507235236;0,3802301237051656
2014-05-11 18:30:00;807,4600558318795;0,3794171899999238
2014-05-11 19:00:00;828,9084760913589;0,37884370505780823
2014-05-11 19:30:00;853,970310059847;0,38481068967795806
2014-05-11 20:00:00;881,1926426876161;0,38487396857522316
2014-05-11 20:30:00;908,6658095249219;0,38532479437050854
2014-05-11 21:00:00;934,1374341804069;0,37991611658517344
2014-05-11 21:30:00;955,1768460260231;0,38110939710309394
2014-05-11 22:00:00;969,4183878981958;0,3825710163471909
2014-05-11 22:30:00;974,8179945881086;0,3831453291721557
2014-05-11 23:00:00;969,8567531731446;0,3834310116406855
2014-05-11 23:30:00;953,7850423388455;0,38629351963199576
2014-05-12 00:00:00;926,7818702745932;0,38037392132689307
2014-05-12 00:30:00;889,9975526951589;0,37829895405649305
2014-05-12 01:00:00;845,5273315056417;0,3768063857198077
2014-05-12 01:30:00;796,2233109660364;0,3759535500689506
2014-05-12 02:00:00;745,4530038168458;0,3797364676522724
2014-05-12 02:30:00;696,819614480957;0,382071476381812
2014-05-12 03:00:00;653,8117803732258;0,3855195514676917
2014-05-12 03:30:00;619,4615144742602;0,3874342003891446
2014-05-12 04:00:00;596,0608530496426;0,389379771005908
2014-05-12 04:30:00;584,9565518319894;0,3911494451714443
2014-05-12 05:00:00;586,4384936379818;0,389890421752874
2014-05-12 05:30:00;599,7504601370284;0,3891057659553272
2014-05-12 06:00:00;623,1699950201137;0,3888649450656533
2014-05-12 06:30:00;654,2275631211311;0,3891715996447409
2014-05-12 07:00:00;689,9555377202392;0,39525787438555854
2014-05-12 07:30:00;727,1978218567053;0,3935021102072374
2014-05-12 08:00:00;762,9077855787147;0,3946418016591337
2014-05-12 08:30:00;794,421938905031;0,3958229921065691
2014-05-12 09:00:00;819,6808925509007;0,396846095018915
2014-05-12 09:30:00;837,3593149642277;0,40378652516083785
2014-05-12 10:00:00;846,9254251930724;0,40401984493919824
2014-05-12 10:30:00;848,569204875357;0,40373030989440867
2014-05-12 11:00:00;843,0763343953955;0,4037179357143421
2014-05-12 11:30:00;831,6848323813217;0,40402398942388573
2014-05-12 12:00:00;815,9032268641901;0,4045518154745493
2014-05-12 12:30:00;797,3240588914083;0,40518727474924365
2014-05-12 13:00:00;777,4835825943776;0,4058155236563403
2014-05-12 13:30:00;757,7757030116943;0,4125870217860953
2014-05-12 14:00:00;739,4053427559633;0,4129319985405197
2014-05-12 14:30:00;723,3669988480331;0,4138312183813889
2014-05-12 15:00:00;710,4620785427279;0,41634654925210013
2014-05-12 15:30:00;701,345031160283;0,41793609909772383
2014-05-12 16:00:00;696,5456073240105;0,4185769148473315
2014-05-12 16:30:00;696,4707341751915;0,41739198419035345
2014-05-12 17:00:00;701,4197299554143;0,42240640268924223
2014-05-12 17:30:00;711,5198383954835;0,42120333501590124
2014-05-12 18:00:00;726,6782502241477;0,4200281653275266
2014-05-12 18:30:00;746,5089042043601;0,41890819464928764
2014-05-12 19:00:00;770,2571989899153;0,417889205868918
2014-05-12 19:30:00;796,7470363155319;0,41703049463642444
2014-05-12 20:00:00;824,4006384307513;0,42265354321303794
2014-05-12 20:30:00;851,2651740518171;0,41607107285280226
2014-05-12 21:00:00;875,1375963560392;0,4160782204957944
2014-05-12 21:30:00;893,7249650855049;0,41643280590055515
2014-05-12 22:00:00;904,8596621448459;0,41709570644659794
2014-05-12 22:30:00;906,7320939640329;0,41679819892286685
2014-05-12 23:00:00;898,1158434891681;0,41206211571927076
2014-05-12 23:30:00;878,5782963419729;0,416669127072152
2014-05-13 00:00:00;848,6118187582372;0,4196844110950394
2014-05-13 00:30:00;809,6581562914967;0,41721600715074664
2014-05-13 01:00:00;764,0377544478547;0,41522282530631105
2014-05-13 01:30:00;714,7920850849117;0,4138074121737672
2014-05-13 02:00:00;665,408646276554;0,41550559786178687
2014-05-13 02:30:00;619,5170937027109;0,41913426928787356
2014-05-13 03:00:00;580,5441091902092;0,4205018744103194
2014-05-13 03:30:00;551,373759846288;0,42217020746166667
2014-05-13 04:00:00;534,0821147588365;0,42394116225361533
2014-05-13 04:30:00;529,7352036559673;0,42480614750013435
2014-05-13 05:00:00;538,2850527768469;0,42360504378705544
2014-05-13 05:30:00;558,596210177706;0,4228376949529159
2014-05-13 06:00:00;588,5801964478359;0,4226073992038096
2014-05-13 06:30:00;625,4230082322208;0,4229568009463304
2014-05-13 07:00:00;665,8657783210847;0,428636462766948
2014-05-13 07:30:00;706,52086202992;0,42971767755579376
2014-05-13 08:00:00;744,2182433579935;0,43115623489645466
2014-05-13 08:30:00;776,276844572804;0,43276721029635984
2014-05-13 09:00:00;800,7553629824612;0,4343685825482802
2014-05-13 09:30:00;816,5542508092377;0,4357939967473975
2014-05-13 10:00:00;823,4334240853864;0,4369176801069503
2014-05-13 10:30:00;821,956519286692;0,4355109651737826
2014-05-13 11:00:00;813,3175431180927;0,43440556606572345
2014-05-13 11:30:00;799,1388132017136;0,4335750402510651
2014-05-13 12:00:00;781,2749848789357;0,4329572604063364
2014-05-13 12:30:00;761,6121958284162;0,43247012843759197
2014-05-13 13:00:00;741,8871762826315;0,4382860143266415
2014-05-13 13:30:00;723,5850887341013;0,43784539123290594
2014-05-13 14:00:00;707,8709276735607;0,43736791785796364
2014-05-13 14:30:00;695,5733419001776;0,4368598821187094
2014-05-13 15:00:00;687,2449184353001;0,4363593173108702
2014-05-13 15:30:00;683,2190432906655;0,43592573614625807
2014-05-13 16:00:00;683,6668877588594;0,4358660332473817
2014-05-13 16:30:00;688,6298827511472;0,4357722353987744
2014-05-13 17:00:00;698,0757351708604;0,43555438473195823
2014-05-13 17:30:00;711,8497864863671;0,43518560990459243
2014-05-13 18:00:00;729,6442721492326;0,43467408046432776
2014-05-13 18:30:00;750,9514064223622;0,4340718318334933
2014-05-13 19:00:00;775,0163701045543;0,4334778956052168
2014-05-13 19:30:00;800,7690552103661;0,43301590509163024
2014-05-13 20:00:00;826,7941553859131;0,4328195666995124
2014-05-13 20:30:00;851,3806927703201;0,43301335255157714
2014-05-13 21:00:00;872,6053275104466;0,43369221726604534
2014-05-13 21:30:00;888,4877560664664;0,4349058894791381
2014-05-13 22:00:00;897,154942143828;0,436640205872636
2014-05-13 22:30:00;897,0658897429355;0,4368492977557807
2014-05-13 23:00:00;887,2592469774542;0,4343610389866154
2014-05-13 23:30:00;867,4952707034197;0,4314454790035763
2014-05-14 00:00:00;838,4041598729918;0,42863329746062573
2014-05-14 00:30:00;801,4873525839109;0,4261619682277321
2014-05-14 01:00:00;759,0645016892452;0,4242425182808436
2014-05-14 01:30:00;714,1112735057543;0,42302798738884506
2014-05-14 02:00:00;670,0013295656784;0,42155543537797435
2014-05-14 02:30:00;630,1942475034989;0,42176480441401243
2014-05-14 03:00:00;597,9287369963615;0,4225786059376522
2014-05-14 03:30:00;575,844129935911;0,42384291110297223
2014-05-14 04:00:00;565,7589775467495;0,42535271125264923
2014-05-14 04:30:00;568,4667184899129;0,42369848362614126
2014-05-14 05:00:00;583,6701286549674;0,4222333811701373
2014-05-14 05:30:00;610,0175081224312;0,4211590706204371
2014-05-14 06:00:00;645,2472109446556;0,4206272947986193
2014-05-14 06:30:00;686,4348629741837;0,41681801544030295
2014-05-14 07:00:00;730,2917527146548;0,4201840450651859
2014-05-14 07:30:00;773,4851499135682;0,4162724814392714
2014-05-14 08:00:00;812,9826093478899;0,41915917947102194
2014-05-14 08:30:00;846,327507466136;0,422447212835858
2014-05-14 09:00:00;871,8369721817166;0,4259744473220577
2014-05-14 09:30:00;888,7099994593273;0,42958858676673484
2014-05-14 10:00:00;896,9624101000106;0,4323399310186389
2014-05-14 10:30:00;897,4412366268554;0,4309581852252211
2014-05-14 11:00:00;891,5919139305994;0,4296487356417279
2014-05-14 11:30:00;881,2140726855898;0,42861087411411125
2014-05-14 12:00:00;868,2522455948372;0,42784142590021834
2014-05-14 12:30:00;854,5755297823055;0,4273165940232435
2014-05-14 13:00:00;841,8086144419192;0,42075897724018907
2014-05-14 13:30:00;831,2292544007361;0,42064566916452484
2014-05-14 14:00:00;823,7176238104315;0,42071676331548724
2014-05-14 14:30:00;819,7762893444735;0,42098592193094553
2014-05-14 15:00:00;819,5980609411961;0,41523711246239775
2014-05-14 15:30:00;823,160264833198;0,41700187713078807
2014-05-14 16:00:00;830,3071646509622;0,4179618122057037
2014-05-14 16:30:00;840,8350247265732;0,4118424651243071
2014-05-14 17:00:00;854,5303017005178;0,41083469899574754
2014-05-14 17:30:00;871,1566700103649;0,4118822416787566
2014-05-14 18:00:00;890,4735467432596;0,406913844578055
2014-05-14 18:30:00;912,129294669295;0,4038822742597973
2014-05-14 19:00:00;935,5591205795643;0,39865749004848344
2014-05-14 19:30:00;959,9443550272412;0,3936782038098711
2014-05-14 20:00:00;984,164854221287;0,3893541820341336
2014-05-14 20:30:00;1006,7818418815457;0,38607881300045804
2014-05-14 21:00:00;1026,1119659139026;0,3904520628681303
2014-05-14 21:30:00;1040,3666296495114;0,39027153042411533
2014-05-14 22:00:00;1047,8171963134273;0,3982324745355182
2014-05-14 22:30:00;1047,0056271284116;0,39771640113615947
2014-05-14 23:00:00;1036,9414380414657;0,39702140716869794
2014-05-14 23:30:00;1017,312348634096;0,4026214265980642
2014-05-15 00:00:00;988,5986844738286;0,4022570578862913
2014-05-15 00:30:00;952,128313763933;0,3961602191192918
2014-05-15 01:00:00;910,016373594019;0,3970301452078682
2014-05-15 01:30:00;865,0188253375221;0,39570769691584823
2014-05-15 02:00:00;820,2882027479583;0,38341111739660416
2014-05-15 02:30:00;779,0831628384527;0,3783791310606345
2014-05-15 03:00:00;744,4258283835491;0,38109699948545506
2014-05-15 03:30:00;718,8065899981829;0,38451171793041783
2014-05-15 04:00:00;703,9242774283318;0,38715165918444966
2014-05-15 04:30:00;700,4933480102371;0,3842199081728798
2014-05-15 05:00:00;708,1894297956841;0,3796965779034459
2014-05-15 05:30:00;725,6879079535339;0,3754011572068598
2014-05-15 06:00:00;750,8122274742865;0,3715094873531438
2014-05-15 06:30:00;780,784603737064;0,372568508952389
2014-05-15 07:00:00;812,5155221317461;0,36391940336511985
2014-05-15 07:30:00;842,9095764006206;0,3595841037371207
2014-05-15 08:00:00;869,2408352665964;0,35736403896373375
2014-05-15 08:30:00;889,3729323244867;0,3565825877640652
2014-05-15 09:00:00;901,9725741420646;0,3559163427526495
2014-05-15 09:30:00;906,5708543688822;0,35525987189131103
2014-05-15 10:00:00;903,5311946916943;0,3559285341870292
2014-05-15 10:30:00;893,9592640396792;0,3567581814698112
2014-05-15 11:00:00;879,4751016293706;0,3575828832803496
2014-05-15 11:30:00;861,9674453710878;0,35843194956854924
2014-05-15 12:00:00;843,341501297195;0,3593128061343876
2014-05-15 12:30:00;825,3281284190803;0,3602150476728698
2014-05-15 13:00:00;809,3150981667587;0,36332332188616556
2014-05-15 13:30:00;796,2771217742925;0,36852548573804733
2014-05-15 14:00:00;786,7554403664907;0,36826397828781743
2014-05-15 14:30:00;780,9271043329941;0,3725619527235177
2014-05-15 15:00:00;778,6904284807844;0,37294464737848687
2014-05-15 15:30:00;779,792291007818;0,3713817839643405
2014-05-15 16:00:00;783,9523089773153;0,3694012158469876
2014-05-15 16:30:00;790,966185860029;0,3673087005806285
2014-05-15 17:00:00;800,7144134258239;0,3651265252020592
2014-05-15 17:30:00;813,1801871214885;0,3629042060585536
2014-05-15 18:00:00;828,3794180605637;0,3669774945999418
2014-05-15 18:30:00;846,2699430381077;0,3649716289629292
2014-05-15 19:00:00;866,6374208875919;0,3632847334591424
2014-05-15 19:30:00;888,9948337675113;0,3620753557638493
2014-05-15 20:00:00;912,4916235463692;0,36149468054854966
2014-05-15 20:30:00;935,8772459562946;0,36165993812669217
2014-05-15 21:00:00;957,5710549595553;0,3626373096710854
2014-05-15 21:30:00;975,7487020403822;0,36442203172613047
2014-05-15 22:00:00;988,5331182262807;0,36046505535035445
2014-05-15 22:30:00;994,210645248083;0,3608594689520574
2014-05-15 23:00:00;991,4474435392183;0,36032858015306324
2014-05-15 23:30:00;979,5600719404296;0,360620754693984
2014-05-16 00:00:00;958,6592380510017;0,3564605100151408
2014-05-16 00:30:00;929,7091070009759;0,3529756879138781
2014-05-16 01:00:00;894,5058274088931;0,3503954769427758
2014-05-16 01:30:00;855,536129090393;0,34887371042905396
2014-05-16 02:00:00;815,7684925280905;0,34846979313531945
2014-05-16 02:30:00;778,3422426801017;0,3491507846335029
2014-05-16 03:00:00;746,2532998366579;0,3507381233835565
2014-05-16 03:30:00;722,0314576459193;0,35302894111004823
2014-05-16 04:00:00;707,46883746854;0,35575966614509463
2014-05-16 04:30:00;703,436788180319;0,35485641650769234
2014-05-16 05:00:00;709,7952550280812;0,3521181054860361
2014-05-16 05:30:00;725,4367444853777;0,3497888847426557
2014-05-16 06:00:00;748,4184595561053;0,3480741793344705
2014-05-16 06:30:00;776,1854206783679;0,34758843308972104
2014-05-16 07:00:00;805,8656337249076;0,3473383794882399
2014-05-16 07:30:00;834,6016159721753;0,34783575340694595
2014-05-16 08:00:00;859,862203392242;0,3489901534985386
2014-05-16 08:30:00;879,6669597146874;0,35065095248381206
2014-05-16 09:00:00;892,7921638844813;0,35264232156158837
2014-05-16 09:30:00;898,8466881941139;0,3532959834128256
2014-05-16 10:00:00;898,2244835897537;0,35103769490222725
2014-05-16 10:30:00;891,9599567865623;0,3489959948202951
2014-05-16 11:00:00;881,5204287631582;0,34728271959617063
2014-05-16 11:30:00;868,575636551508;0,3459615337090385
2014-05-16 12:00:00;854,781089294688;0,34505391843009103
2014-05-16 12:30:00;841,5966481811349;0,3445420449600193
2014-05-16 13:00:00;830,1537416834949;0,34438437787609527
2014-05-16 13:30:00;821,1812486665434;0,34452900464984354
2014-05-16 14:00:00;815,0414153342825;0,34492260600360347
2014-05-16 14:30:00;811,7982462113788;0,3392654115149858
2014-05-16 15:00:00;811,3394611167734;0,3446234486222971
2014-05-16 15:30:00;813,5001140423335;0,3419855957419541
2014-05-16 16:00:00;818,1831527753241;0,3379331156695349
2014-05-16 16:30:00;825,4188429582863;0,3401531427238274
2014-05-16 17:00:00;835,4060089646146;0,3374194231958754
2014-05-16 17:30:00;848,4537335441702;0,3372937222894381
2014-05-16 18:00:00;864,8871483287365;0,33735196517900595
2014-05-16 18:30:00;884,9230244949663;0,33771034144007717
2014-05-16 19:00:00;908,5336721079838;0,3384940058317795
2014-05-16 19:30:00;935,308965125752;0,33357422660698166
2014-05-16 20:00:00;964,3661139246269;0,3355539088919648
2014-05-16 20:30:00;994,3340714804525;0,3444713865257941
2014-05-16 21:00:00;1023,392345664204;0,34227508646124416
2014-05-16 21:30:00;1049,4049764426506;0,3414215186002672
2014-05-16 22:00:00;1070,124148008531;0,34208165468542157
2014-05-16 22:30:00;1083,468204094721;0,3493688682035632
2014-05-16 23:00:00;1087,7550749862883;0,3479790650298429
2014-05-16 23:30:00;1081,9637530033883;0,3457142759256192
2014-05-17 00:00:00;1065,9292391382376;0,3439897372738771
2014-05-17 00:30:00;1040,418855271324;0,34302016518838707
2014-05-17 01:00:00;1007,124934537817;0,34296683153321716
2014-05-17 01:30:00;968,5193827105026;0,343924332088516
2014-05-17 02:00:00;927,6230396758493;0,33965328922071414
2014-05-17 02:30:00;887,6920324397845;0,3406342788443249
2014-05-17 03:00:00;851,9111127280748;0,34315566671982817
2014-05-17 03:30:00;823,0288877595058;0,3456383712443011
2014-05-17 04:00:00;803,0923323503207;0,349104396955459
2014-05-17 04:30:00;793,2419602666187;0,34979026284675846
2014-05-17 05:00:00;793,5902817280858;0,34626529644870346
2014-05-17 05:30:00;803,2745409447772;0,3431952278986265
2014-05-17 06:00:00;820,5431183097614;0,34610910373467113
2014-05-17 06:30:00;843,0100728198804;0,3434579495090978
2014-05-17 07:00:00;867,9347409461832;0,3423511739079647
2014-05-17 07:30:00;892,5192644091175;0,34281142572838974
2014-05-17 08:00:00;914,2017742145742;0,33755577688027744
2014-05-17 08:30:00;930,9248983542003;0,33890255346921827
2014-05-17 09:00:00;941,32702255074;0,3403878463865072
2014-05-17 09:30:00;944,8160964235232;0,34151271052397114
2014-05-17 10:00:00;941,553246919876;0,34129134829728097
2014-05-17 10:30:00;932,3173533783448;0,3414418464534768
2014-05-17 11:00:00;918,3385839421593;0,3420571707177129
2014-05-17 11:30:00;901,1062798919636;0,3431670505029099
2014-05-17 12:00:00;882,1404904857208;0,34474900933713676
2014-05-17 12:30:00;862,8126381551529;0,3404892940958325
2014-05-17 13:00:00;844,2340665204631;0,3427919449520948
2014-05-17 13:30:00;827,1803909965163;0,3449821306164232
2014-05-17 14:00:00;812,1067425652104;0,3476416952250271
2014-05-17 14:30:00;799,270241487264;0,3504348952365556
2014-05-17 15:00:00;788,8214793148983;0,3523210940916729
2014-05-17 15:30:00;780,8642436638237;0,3530929381812124
2014-05-17 16:00:00;775,5879602947365;0,35270097322525384
2014-05-17 16:30:00;773,3088346907452;0,3536246924919873
2014-05-17 17:00:00;774,4749771888233;0,3545640033788535
2014-05-17 17:30:00;779,6118011080006;0,35319292809968084
2014-05-17 18:00:00;789,193788404303;0,35127014486028285
2014-05-17 18:30:00;803,5275223688235;0,34835039851834304
2014-05-17 19:00:00;822,6073126920774;0,3457357058196572
2014-05-17 19:30:00;845,9627582762198;0,3435296160645534
2014-05-17 20:00:00;872,5667739219388;0,34806897437563616
2014-05-17 20:30:00;900,8668814866359;0,3469218290339839
2014-05-17 21:00:00;928,8104130913548;0,346362444515339
2014-05-17 21:30:00;954,0260348947544;0,3463662607994031
2014-05-17 22:00:00;974,0262812097153;0,34059284816867985
2014-05-17 22:30:00;986,4865638623462;0,34139605065933515
2014-05-17 23:00:00;989,5108307357067;0,34071965283234956
2014-05-17 23:30:00;981,9292982444513;0,3342700464667429
2014-05-18 00:00:00;963,4797978370152;0,3361111762022515
2014-05-18 00:30:00;934,9386436371515;0,34011976675783673
2014-05-18 01:00:00;898,0833369252059;0,33573592920510326
2014-05-18 01:30:00;855,5309968862107;0,3411564298014834
2014-05-18 02:00:00;810,5050274841647;0,34112338393718034
2014-05-18 02:30:00;766,5312304844518;0,3444576965646726
2014-05-18 03:00:00;727,049401946246;0,34763347296931885
2014-05-18 03:30:00;695,0641148383654;0,3515596347430611
2014-05-18 04:00:00;672,8373943869042;0,3554329396954754
2014-05-18 04:30:00;661,6764242446105;0,3604708193864019
2014-05-18 05:00:00;661,8067767940851;0,35993571385477047
2014-05-18 05:30:00;672,4036575049546;0,35326286275218577
2014-05-18 06:00:00;691,710019663397;0,3531510694554623
2014-05-18 06:30:00;717,2437686891366;0,3593970187520217
2014-05-18 07:00:00;746,1098767835268;0,36156596804658325
2014-05-18 07:30:00;775,3117956794736;0,36211301310279365
2014-05-18 08:00:00;802,0696198563164;0,3633304015145161
2014-05-18 08:30:00;824,1054335849741;0,37124555493769884
2014-05-18 09:00:00;839,7970530752714;0,3731048597882114
2014-05-18 09:30:00;848,3024381473526;0,3732977855132422
2014-05-18 10:00:00;849,5552977250372;0,3702729060386346
2014-05-18 10:30:00;844,1446143538959;0,373392874316741
2014-05-18 11:00:00;833,1603136662332;0,3708656659524711
2014-05-18 11:30:00;817,9810512153222;0,3689656428053714
2014-05-18 12:00:00;800,1054025211848;0,3676504429752428
2014-05-18 12:30:00;780,9398202952124;0,3730864722552039
2014-05-18 13:00:00;761,652637242809;0,3754606471849049
2014-05-18 13:30:00;743,1706794994262;0,3747777186497977
2014-05-18 14:00:00;726,1539211628248;0,378947936546809
2014-05-18 14:30:00;711,051903182912;0,37852756119862546
2014-05-18 15:00:00;698,1876211866597;0,3824833105376414
2014-05-18 15:30:00;687,867789511764;0,38595221423451054
2014-05-18 16:00:00;680,4594082207335;0,3901830054022111
2014-05-18 16:30:00;676,4042158507106;0,3890139144875084
2014-05-18 17:00:00;676,2061136240742;0,39043702733429375
2014-05-18 17:30:00;680,3952258390821;0,3897954130078492
2014-05-18 18:00:00;689,4040529133382;0,3887398841146204
2014-05-18 18:30:00;703,4216870825362;0,39261066962980995
2014-05-18 19:00:00;722,2742104858588;0,3903609605756933
2014-05-18 19:30:00;745,2812425367827;0,38832485734091254
2014-05-18 20:00:00;771,2137986650794;0,38657837936324174
2014-05-18 20:30:00;798,2967288099069;0,39143354245507056
2014-05-18 21:00:00;824,3088247920505;0,38416881822621574
2014-05-18 21:30:00;846,7475367740966;0,3835201723591044
2014-05-18 22:00:00;863,057057704531;0,3831691747909855
2014-05-18 22:30:00;870,9233325695354;0,37675112975472547
2014-05-18 23:00:00;868,5765897832337;0,3756977618511817
2014-05-18 23:30:00;855,0146830384372;0,37712652475039277
2014-05-19 00:00:00;830,2165125167228;0,37505569802695504
2014-05-19 00:30:00;795,2305586694047;0,38217923415438015
2014-05-19 01:00:00;752,1181667886013;0,3879145975959419
2014-05-19 01:30:00;703,7830997042781;0,38697342404739843
2014-05-19 02:00:00;653,7073758714542;0,394441270009553
2014-05-19 02:30:00;605,6131313879346;0,3986378962568699
2014-05-19 03:00:00;563,0844469710448;0,40275642532317063
2014-05-19 03:30:00;529,2114629395588;0,40733446991362776
2014-05-19 04:00:00;506,27781988152685;0,4108787263121136
2014-05-19 04:30:00;495,5374887186835;0,4140985850244667
2014-05-19 05:00:00;497,11254241348604;0,41181327425911907
2014-05-19 05:30:00;510,0124205962792;0,4102601988259216
2014-05-19 06:00:00;532,2757533446063;0,4102957369585234
2014-05-19 06:30:00;561,211527147946;0,41111162650374133
2014-05-19 07:00:00;593,6886357663823;0,42541958495790183
2014-05-19 07:30:00;626,4959661010055;0,43129009697419596
2014-05-19 08:00:00;656,6600250009137;0,43181721340291124
2014-05-19 08:30:00;681,7203387271312;0,4389642403433711
2014-05-19 09:00:00;699,9568798026307;0,43997980085600685
2014-05-19 09:30:00;710,4814854064949;0,4408774919201873
2014-05-19 10:00:00;713,206055030184;0,43842641810155436
2014-05-19 10:30:00;708,7562515754734;0,43489454408850337
2014-05-19 11:00:00;698,3069577489321;0,43186182148960894
2014-05-19 11:30:00;683,3424654719529;0,4293281534215139
2014-05-19 12:00:00;665,4702014651924;0,4334843522763614
2014-05-19 12:30:00;646,2248197444032;0,4317264411440684
2014-05-19 13:00:00;626,9422229179482;0,4364406139724347
2014-05-19 13:30:00;608,6789744210555;0,439127778216472
2014-05-19 14:00:00;592,1985173439521;0,4365586829030643
2014-05-19 14:30:00;578,0339922700199;0,43871155410159957
2014-05-19 15:00:00;566,552774646061;0,44301416856201914
2014-05-19 15:30:00;558,0443510377236;0,4492955387224663
2014-05-19 16:00:00;552,7870282201274;0,4521245192650555
2014-05-19 16:30:00;551,0916523361471;0,45260026344468374
2014-05-19 17:00:00;553,2977492243147;0,45214995113877715
2014-05-19 17:30:00;559,7237088783247;0,45646469010379365
2014-05-19 18:00:00;570,5735221550876;0,45402480672143675
2014-05-19 18:30:00;585,8326450803424;0,45147033419672544
2014-05-19 19:00:00;605,1458745909631;0,4488823120414306
2014-05-19 19:30:00;627,6992980804256;0,4526148939279272
2014-05-19 20:00:00;652,1855379270146;0,4502855858481718
2014-05-19 20:30:00;676,8380226969828;0,448257908394899
2014-05-19 21:00:00;699,5008918338107;0,44661556317483264
2014-05-19 21:30:00;717,8111451634726;0,44540057612219214
2014-05-19 22:00:00;729,444922666342;0,43835095949759173
2014-05-19 22:30:00;732,364480869206;0,43727740569259327
2014-05-19 23:00:00;725,1031422058243;0,4313644258096997
2014-05-19 23:30:00;706,9705523977661;0,43520549789721197
2014-05-20 00:00:00;678,2431921128175;0,43676312575016873
2014-05-20 00:30:00;640,2031777553946;0,4489632652468262
2014-05-20 01:00:00;595,10456869244;0,45354116604565675
2014-05-20 01:30:00;545,9809464924267;0,45957469949702334
2014-05-20 02:00:00;496,3719607683399;0,4601029480056729
2014-05-20 02:30:00;449,97313509323783;0,4615868844458676
2014-05-20 03:00:00;410,27427598948805;0,466051738484466
2014-05-20 03:30:00;380,2145633453419;0,46873420819091416
2014-05-20 04:00:00;361,88182138177706;0,4715657435881422
2014-05-20 04:30:00;356,3195738386905;0,47318709255490154
2014-05-20 05:00:00;363,44234241398266;0,47154324412928583
2014-05-20 05:30:00;382,05401950846584;0,4705985929385607
2014-05-20 06:00:00;410,0169396965506;0,4705374041013764
2014-05-20 06:30:00;444,4878290667866;0,4799867082299626
2014-05-20 07:00:00;482,2393813355204;0,4992804313063795
2014-05-20 07:30:00;519,9893171611016;0,5002992419196501
2014-05-20 08:00:00;554,7361504575729;0,502072853243422
2014-05-20 08:30:00;584,0470193403219;0,5043600581279299
2014-05-20 09:00:00;606,2310693815508;0,513139942958766
2014-05-20 09:30:00;620,4607604961828;0,5156634294428204
2014-05-20 10:00:00;626,7748050750848;0,5150161724763367
2014-05-20 10:30:00;625,9237049443215;0,5043417620418131
2014-05-20 11:00:00;619,2018397247994;0,5004175963332735
2014-05-20 11:30:00;608,2389132017883;0,4969912491064775
2014-05-20 12:00:00;594,7603477091349;0,4940059377706695
2014-05-20 12:30:00;580,4055518307728;0,49136894643324314
2014-05-20 13:00:00;566,5560603584905;0,495231180493899
2014-05-20 13:30:00;554,256357562143;0,4930080796540483
2014-05-20 14:00:00;544,2148037108436;0,49089956042501154
2014-05-20 14:30:00;536,8557117752524;0,48889329444637336
2014-05-20 15:00:00;532,3832971392492;0,48702179174116844
2014-05-20 15:30:00;530,8800093675267;0,48535112126519964
2014-05-20 16:00:00;532,398234343377;0,48497718023472836
2014-05-20 16:30:00;537,0129760175219;0,4918127288402222
2014-05-20 17:00:00;544,8283519161539;0,49214500694409447
2014-05-20 17:30:00;555,958013144208;0,49218002872630023
2014-05-20 18:00:00;570,4329332089969;0,49191633310485733
2014-05-20 18:30:00;588,119671847739;0,4914093369189714
2014-05-20 19:00:00;608,602167947931;0,49077222165778644
2014-05-20 19:30:00;631,0941869560738;0,49015972286421283
2014-05-20 20:00:00;654,4175300302011;0,4897510122417254
2014-05-20 20:30:00;676,9913013705857;0,48972367110837145
2014-05-20 21:00:00;696,925721850292;0,4902254577051765
2014-05-20 21:30:00;712,162554231242;0,4913395881569869
2014-05-20 22:00:00;720,690257568831;0,4930742350078158
2014-05-20 22:30:00;720,7731928192252;0,4873399122117276
2014-05-20 23:00:00;711,2290576130298;0,4860862408775655
2014-05-20 23:30:00;691,5912960415021;0,48276743383233334
2014-05-21 00:00:00;662,2727138756837;0,47956390879334665
2014-05-21 00:30:00;624,6304099240845;0,4767949671884859
2014-05-21 01:00:00;580,8807442013564;0,4747523738445126
2014-05-21 01:30:00;533,9266113130143;0,47366476221708465
2014-05-21 02:00:00;487,1056873666447;0,4762822029934914
2014-05-21 02:30:00;443,86972230709455;0,4774995208119379
2014-05-21 03:00:00;407,4404549884771;0,4796665448516395
2014-05-21 03:30:00;380,48413742858304;0,48258778224157733
2014-05-21 04:00:00;364,8438991891814;0,48599355470750116
2014-05-21 04:30:00;361,36726587257294;0,48474254136955847
2014-05-21 05:00:00;369,8316797106062;0,4812845240057023
2014-05-21 05:30:00;388,9836905345104;0,47827767376447955
2014-05-21 06:00:00;416,6963090693183;0,4759671325935755
2014-05-21 06:30:00;450,20944706490815;0,474513386938165
2014-05-21 07:00:00;486,4327451280289;0,47220729870425376
2014-05-21 07:30:00;522,2633805250746;0,4726099472555703
2014-05-21 08:00:00;554,9069945099315;0,47374189557016444
2014-05-21 08:30:00;582,1391187604379;0,4754227128390908
2014-05-21 09:00:00;602,4885540767923;0,4774380859939663
2014-05-21 09:30:00;615,3168189308585;0,47956527590190684
2014-05-21 10:00:00;620,8068865275721;0,481044169256572
2014-05-21 10:30:00;619,8153253677663;0,4790072408783771
2014-05-21 11:00:00;613,6784342871325;0,47728580371453777
2014-05-21 11:30:00;604,0077403079856;0,47592949965002895
2014-05-21 12:00:00;592,4625724989515;0,4749416055945366
2014-05-21 12:30:00;580,5454432324167;0,4742890151534156
2014-05-21 13:00:00;569,4713320882884;0,4739192254965142
2014-05-21 13:30:00;560,1171174741355;0,4737777600790619
2014-05-21 14:00:00;553,0085830794295;0,47382998149839894
2014-05-21 14:30:00;548,3674427985924;0,47406652126573384
2014-05-21 15:00:00;546,2060643579362;0,47450468691071224
2014-05-21 15:30:00;546,4251355422283;0,4743061949538988
2014-05-21 16:00:00;548,9232628189145;0,47384564093787185
2014-05-21 16:30:00;553,6597513481228;0,4730605971772618
2014-05-21 17:00:00;560,6786943075671;0,47191327092505125
2014-05-21 17:30:00;570,0907281904083;0,4704164510484413
2014-05-21 18:00:00;581,9946941580802;0,4686357414812926
2014-05-21 18:30:00;596,3808979610549;0,4666976720759931
2014-05-21 19:00:00;613,0266747151137;0,46478502127511634
2014-05-21 19:30:00;631,3842041975892;0,4631068512726335
2014-05-21 20:00:00;650,540056546083;0,4618888249058686
2014-05-21 20:30:00;669,2084387448219;0,46133959565714966
2014-05-21 21:00:00;685,7614912512813;0,46161299585191373
2014-05-21 21:30:00;698,3957889413199;0,46279147314098856
2014-05-21 22:00:00;705,3070916740928;0,46486694397093353
2014-05-21 22:30:00;704,9048172053291;0,46535816866749946
2014-05-21 23:00:00;696,0420466150578;0,4638229726359252
2014-05-21 23:30:00;678,2198882327549;0,45963419717598997
2014-05-22 00:00:00;651,7192260039704;0,4493619277334918
2014-05-22 00:30:00;617,65786332837;0,44589855307746706
2014-05-22 01:00:00;577,9642911286735;0,44333897335611827
2014-05-22 01:30:00;535,2264081787885;0,4419453541210467
2014-05-22 02:00:00;492,44526133660844;0,44661363568606427
2014-05-22 02:30:00;452,747007338201;0,44771943299632255
2014-05-22 03:00:00;419,0861017274106;0,45000676194992123
2014-05-22 03:30:00;393,9307914990708;0,4532620261802708
2014-05-22 04:00:00;379,01912873843617;0,4571800248804994
2014-05-22 04:30:00;375,18898784440313;0,4555346809871979
2014-05-22 05:00:00;382,3114181094256;0,4513324926817204
2014-05-22 05:30:00;399,3183201306877;0,4475950486492539
2014-05-22 06:00:00;424,34440271424734;0,44463376784277764
2014-05-22 06:30:00;454,9398680764243;0,44267112528573116
2014-05-22 07:00:00;488,34280358350617;0,4410190275717224
2014-05-22 07:30:00;521,7750056344981;0,441284475490274
2014-05-22 08:00:00;552,7330429558574;0,44254074154882106
2014-05-22 08:30:00;579,2089669861792;0,4446164596326019
2014-05-22 09:00:00;599,8645259883182;0,44728589734436663
2014-05-22 09:30:00;614,111377993488;0,4502993429727318
2014-05-22 10:00:00;622,0743049745766;0,4527331564476952
2014-05-22 10:30:00;624,4503166989772;0,45150321669853755
2014-05-22 11:00:00;622,3670646572;0,449011449245348
2014-05-22 11:30:00;617,1594644481398;0,44702196516471315
2014-05-22 12:00:00;610,1828510688696;0,44558716719138525
2014-05-22 12:30:00;602,6374459750932;0,43845882826728977
2014-05-22 13:00:00;595,464479643259;0,4381070350632935
2014-05-22 13:30:00;589,3011478741312;0,43823187014740905
2014-05-22 14:00:00;584,4963642394864;0,43877527429655694
2014-05-22 14:30:00;581,1551253278958;0,4396894668436345
2014-05-22 15:00:00;579,2484389086617;0,4407821789087817
2014-05-22 15:30:00;578,7065031324316;0,44060022837015755
2014-05-22 16:00:00;579,510920904317;0,4397070017465139
2014-05-22 16:30:00;581,7448926784277;0,438479193641642
2014-05-22 17:00:00;585,6204843862855;0,43069240215439963
2014-05-22 17:30:00;591,4291139417304;0,4289065783667312
2014-05-22 18:00:00;599,4886682449105;0,42698175249716047
2014-05-22 18:30:00;609,9992935869475;0,4250640859271063
2014-05-22 19:00:00;622,9476751399844;0,4233415436857244
2014-05-22 19:30:00;638,0118167682921;0,4220251718850342
2014-05-22 20:00:00;654,4602304877836;0,4213158659460341
2014-05-22 20:30:00;671,1336987038153;0,421386737672065
2014-05-22 21:00:00;686,5149718277081;0,422349367955641
2014-05-22 21:30:00;698,8461162148824;0,42423295571294495
2014-05-22 22:00:00;706,3147087751336;0,4263234776637095
2014-05-22 22:30:00;707,2389115251544;0,4232774565289624
2014-05-22 23:00:00;700,336821717266;0,41957146534553835
2014-05-22 23:30:00;684,9119501612191;0,41584796513736266
2014-05-23 00:00:00;661,0077941859562;0,4124809070500093
2014-05-23 00:30:00;629,4765390596096;0,4098408894838262
2014-05-23 01:00:00;591,9153934936892;0,4082639260356395
2014-05-23 01:30:00;550,667338974193;0,40796747909686754
2014-05-23 02:00:00;508,5011635014441;0,4046251240490124
2014-05-23 02:30:00;468,38518577952044;0,4068080668424875
2014-05-23 03:00:00;433,1883637475855;0,4102340995641589
2014-05-23 03:30:00;405,40706500702265;0,4146445504618308
2014-05-23 04:00:00;386,9116879651699;0,4196856581799381
2014-05-23 04:30:00;378,7616662616489;0,4200299970589496
2014-05-23 05:00:00;381,12388618984795;0,4149762337075039
2014-05-23 05:30:00;393,26948997101726;0,41054602210300245
2014-05-23 06:00:00;413,6866170045347;0,4070625357926361
2014-05-23 06:30:00;440,25551049897643;0,4047458437775787
2014-05-23 07:00:00;470,506596015974;0,4110921469810555
2014-05-23 07:30:00;501,88269888433007;0,4127688313651376
2014-05-23 08:00:00;532,0019599642094;0,4137176784307022
2014-05-23 08:30:00;558,8905014199253;0,41556651269576467
2014-05-23 09:00:00;581,1254920076975;0,4180446581873038
2014-05-23 09:30:00;597,9337536759942;0,4208568396379103
2014-05-23 10:00:00;609,1822448852894;0,42372741682332904
2014-05-23 10:30:00;615,2782416437913;0,4249754617610373
2014-05-23 11:00:00;617,0244177877781;0,42369988593301183
2014-05-23 11:30:00;615,4570688683043;0,42180632598202994
2014-05-23 12:00:00;611,6673114870865;0,420531685675577
2014-05-23 12:30:00;606,6495114606657;0,4198477001500748
2014-05-23 13:00:00;601,1957734135145;0,4196887069436349
2014-05-23 13:30:00;595,8593922443087;0,41997070723107544
2014-05-23 14:00:00;590,9627300745482;0,4206048410860202
2014-05-23 14:30:00;586,6715469059269;0,4215109938079823
2014-05-23 15:00:00;583,0637391633511;0,4226269205077349
2014-05-23 15:30:00;580,2138554558564;0,4233558718796663
2014-05-23 16:00:00;578,2866340205774;0,42323159473308836
2014-05-23 16:30:00;577,5813213360111;0,4220743934002421
2014-05-23 17:00:00;578,5267099943384;0,4202885967064168
2014-05-23 17:30:00;581,6377159466967;0,4184327998706602
2014-05-23 18:00:00;587,4173110820584;0,41661776551265706
2014-05-23 18:30:00;596,2447671451188;0,41498794968641806
2014-05-23 19:00:00;608,2349925984691;0,41370506701432186
2014-05-23 19:30:00;623,1286259531057;0,41294398087667966
2014-05-23 20:00:00;640,229841501935;0,41287712683928884
2014-05-23 20:30:00;658,3625596948918;0,4136345296681065
2014-05-23 21:00:00;675,9252112178335;0,4152811612966141
2014-05-23 21:30:00;691,024856519024;0,41779817122168167
2014-05-23 22:00:00;701,6518854218825;0,42107833960966945
2014-05-23 22:30:00;705,8927437031062;0,42061813543725174
2014-05-23 23:00:00;702,2056499002439;0,4165852573314226
2014-05-23 23:30:00;689,6281539414094;0,41273767420208574
2014-05-24 00:00:00;667,9593876038083;0,40943043849390304
2014-05-24 00:30:00;637,8576436553873;0,4069761828034019
2014-05-24 01:00:00;600,8297014746698;0,4056506568881897
2014-05-24 01:30:00;559,1096848441864;0,405623672114256
2014-05-24 02:00:00;515,4930978111157;0,4069402831981819
2014-05-24 02:30:00;473,053695885485;0,40836899769114743
2014-05-24 03:00:00;434,84736387312;0,4119706789850047
2014-05-24 03:30:00;403,612158556867;0,4163842251345233
2014-05-24 04:00:00;381,4970047665535;0,4212332151798379
2014-05-24 04:30:00;369,86641235855194;0,4244682491852402
2014-05-24 05:00:00;369,1867172398182;0,42053914081339094
2014-05-24 05:30:00;378,9999157400519;0,41691573174229385
2014-05-24 06:00:00;398,01609717485013;0,4143525267983631
2014-05-24 06:30:00;424,2722762180933;0,4130213407437872
2014-05-24 07:00:00;455,3629794498442;0,4129709802422845
2014-05-24 07:30:00;488,7084849312407;0,4175634439147633
2014-05-24 08:00:00;521,8206374776042;0,4195636563365781
2014-05-24 08:30:00;552,5306420603126;0,42240023330614923
2014-05-24 09:00:00;579,1665596526301;0,4257710154704846
2014-05-24 09:30:00;600,6470049280873;0,429351996536181
2014-05-24 10:00:00;616,5110124191557;0,4328418798630794
2014-05-24 10:30:00;626,8502844912998;0,4359889710805644
2014-05-24 11:00:00;632,1909878061886;0,4375222985905081
2014-05-24 11:30:00;633,3540633119086;0,4368819640577112
2014-05-24 12:00:00;631,2751751541869;0,436158861519616
2014-05-24 12:30:00;626,8909317360783;0,4360916058898978
2014-05-24 13:00:00;621,0239023313092;0,4365713657279588
2014-05-24 13:30:00;614,3360675388009;0,4374666812403571
2014-05-24 14:00:00;607,3339274622302;0,4386485171641892
2014-05-24 14:30:00;600,3984029674077;0,4400041292220199
2014-05-24 15:00:00;593,8524670794993;0,44144331800766967
2014-05-24 15:30:00;588,0460691399857;0,44290183277789874
2014-05-24 16:00:00;583,4077886307531;0,444338645384897
2014-05-24 16:30:00;580,4509001669784;0,4450772028628312
2014-05-24 17:00:00;579,7840349470292;0,44425021879568527
2014-05-24 17:30:00;582,029539797039;0,44303327668175063
2014-05-24 18:00:00;587,7501038657787;0,44196326434996613
2014-05-24 18:30:00;597,3066881302741;0,44113701044044296
2014-05-24 19:00:00;610,7328241321827;0,440666337682572
2014-05-24 19:30:00;627,6291419480787;0,44066221207383804
2014-05-24 20:00:00;647,1206779313123;0,44123453423830905
2014-05-24 20:30:00;667,8136850749237;0,442457673231928
2014-05-24 21:00:00;687,880738671834;0,44435339090649795
2014-05-24 21:30:00;705,1929902372437;0,4468760205745551
2014-05-24 22:00:00;717,5269718284374;0,44546660848870945
2014-05-24 22:30:00;722,8156693641075;0,4442846402627472
2014-05-24 23:00:00;719,401790697561;0,4414418719546817
2014-05-24 23:30:00;706,2621524660069;0,43880490167261094
2014-05-25 00:00:00;683,1990749237619;0,43665075162255906
2014-05-25 00:30:00;650,9239647793764;0,4352367975049918
2014-05-25 01:00:00;611,0421628805185;0,4347656035628956
2014-05-25 01:30:00;565,9483701279439;0,4353650644140622
2014-05-25 02:00:00;518,6266497028197;0,43706070088463306
2014-05-25 02:30:00;472,3754533529608;0,4400617123110965
2014-05-25 03:00:00;430,4919528263137;0,44367480267771064
2014-05-25 03:30:00;395,95337316331234;0,44789919194819217
2014-05-25 04:00:00;371,1292796515944;0,4523932314951046
2014-05-25 04:30:00;357,56859102440075;0,4567884343550485
2014-05-25 05:00:00;355,8714821474211;0,45409254504821994
2014-05-25 05:30:00;365,6636240596159;0,4510224102951221
2014-05-25 06:00:00;385,6663175647408;0,44895258843940605
2014-05-25 06:30:00;413,8573774251464;0,4480092604812521
2014-05-25 07:00:00;447,7016015723721;0,44820458762938054
2014-05-25 07:30:00;484,4317386509359;0,45054703038189947
2014-05-25 08:00:00;521,3168189016586;0,45262613733765245
2014-05-25 08:30:00;555,9152211808919;0,455366161731222
2014-05-25 09:00:00;586,2682570905869;0,4584681226316287
2014-05-25 09:30:00;611,019969869461;0,4616230048957858
2014-05-25 10:00:00;629,47180990631;0,4645536931737766
2014-05-25 10:30:00;641,5123432613584;0,46703169748410533
2014-05-25 11:00:00;647,5458417927107;0,4689014424492439
2014-05-25 11:30:00;648,3656685400091;0,46869485209068945
2014-05-25 12:00:00;644,9622339065263;0,46856276387493667
2014-05-25 12:30:00;638,3985837144983;0,46896557005086525
2014-05-25 13:00:00;629,7171872148899;0,4697655590992566
2014-05-25 13:30:00;619,8431198783405;0,47081597409615933
2014-05-25 14:00:00;609,5787922159819;0,4719733505459167
2014-05-25 14:30:00;599,6098284014629;0,47311849873125034
2014-05-25 15:00:00;590,5533465350786;0,4741687355203302
2014-05-25 15:30:00;582,9655748795741;0,47509150268627254
2014-05-25 16:00:00;577,4119092146473;0,475881753755908
2014-05-25 16:30:00;574,4698398118823;0,47656352655961787
2014-05-25 17:00:00;574,7074649688558;0,47581121895017625
2014-05-25 17:30:00;578,6317781805365;0,475154830922751
2014-05-25 18:00:00;586,5898300551153;0,47459781387664957
2014-05-25 18:30:00;598,6883051610434;0,474169324776537
2014-05-25 19:00:00;614,682569415067;0,4739220178394401
2014-05-25 19:30:00;633,8917234540794;0,4739177196971424
2014-05-25 20:00:00;655,1768252256825;0,47423493159317176
2014-05-25 20:30:00;676,9253696862511;0,47493550520500716
2014-05-25 21:00:00;697,1465719765696;0,4760529744076747
2014-05-25 21:30:00;713,6341597459027;0,47757894371470283
2014-05-25 22:00:00;724,1658330553312;0,478890502628217
2014-05-25 22:30:00;726,7412014517262;0,4776102755194923
2014-05-25 23:00:00;719,8307154490395;0,47552310167804257
2014-05-25 23:30:00;702,6079321282174;0,4735074058496524
2014-05-26 00:00:00;675,0926102441557;0,47179022328726894
2014-05-26 00:30:00;638,2322517092739;0,470590584340876
2014-05-26 01:00:00;593,8721656275762;0,470094491228094
2014-05-26 01:30:00;544,6282230249748;0,4704302153556391
2014-05-26 02:00:00;493,6711717023726;0,47164790355159214
2014-05-26 02:30:00;444,44089846467;0,4844410890583086
2014-05-26 03:00:00;400,3326805464417;0,4877762044906531
2014-05-26 03:30:00;364,36254440005155;0,49164702656406634
2014-05-26 04:00:00;338,89556449297464;0,49577618230752407
2014-05-26 04:30:00;325,43366101240684;0,4998576939029971
2014-05-26 05:00:00;324,474271053359;0,49701447283226113
2014-05-26 05:30:00;335,50855901550136;0,4941209831835664
2014-05-26 06:00:00;357,0791483697105;0,49201053161505376
2014-05-26 06:30:00;386,96707820423495;0,49078883873891654
2014-05-26 07:00:00;422,43027729242186;0,4918291416900047
2014-05-26 07:30:00;460,4854498706284;0,49856648354899713
2014-05-26 08:00:00;498,1948678848937;0,49928660711565576
2014-05-26 08:30:00;532,9503610274373;0,5004423998585802
2014-05-26 09:00:00;562,6658571916776;0,5017772765214483
2014-05-26 09:30:00;585,932943947527;0,5030406362617292
2014-05-26 10:00:00;602,0679558698404;0,5040282481520346
2014-05-26 10:30:00;611,0721277110215;0,5045942335219387
2014-05-26 11:00:00;613,5138614325238;0,5046547797766692
2014-05-26 11:30:00;610,3759482439531;0,5040232397748268
2014-05-26 12:00:00;602,8976269438773;0,5037283666199275
2014-05-26 12:30:00;592,4193139124253;0,5036717817024496
2014-05-26 13:00:00;580,2290377704403;0,5037367822667298
2014-05-26 13:30:00;567,5042544436454;0,5038062983702252
2014-05-26 14:00:00;555,240085468461;0,5037882059019989
2014-05-26 14:30:00;544,2597373202184;0,503627322372196
2014-05-26 15:00:00;535,2571713332096;0,5095427942703643
2014-05-26 15:30:00;528,8016701708203;0,5090491982329131
2014-05-26 16:00:00;525,3892004554638;0,5084390439327885
2014-05-26 16:30:00;525,4636787626958;0,5076577631536283
2014-05-26 17:00:00;529,4041360137115;0,5069892296743791
2014-05-26 17:30:00;537,4607334539195;0,5064078562052111
2014-05-26 18:00:00;549,7359020211914;0,512165551624476
2014-05-26 18:30:00;566,0691040749723;0,5117898747241563
2014-05-26 19:00:00;585,9760371952322;0,5115925119221956
2014-05-26 19:30:00;608,5746256832157;0,5116522736519673
2014-05-26 20:00:00;632,603935066708;0,5120778504966947
2014-05-26 20:30:00;656,385529554153;0,5129636578515725
2014-05-26 21:00:00;677,9680435155171;0,5081353197650691
2014-05-26 21:30:00;695,2547900181388;0,5101266050551466
2014-05-26 22:00:00;706,193003026437;0,5126639933329978
2014-05-26 22:30:00;709,018044946043;0,5141061795426565
2014-05-26 23:00:00;702,4690048441182;0,5151123154060817
2014-05-26 23:30:00;685,9913888073727;0,5110567523353089
2014-05-27 00:00:00;659,8625484738538;0,507127525895474
2014-05-27 00:30:00;625,2442193639341;0,503573263840046
2014-05-27 01:00:00;584,1395113044863;0,5006206555756966
2014-05-27 01:30:00;539,2688911571194;0,49844203951274624
2014-05-27 02:00:00;493,8232837055982;0,49714068686778934
2014-05-27 02:30:00;451,1982068406098;0,4936507818536272
2014-05-27 03:00:00;414,6549022669557;0,49379464905136844
2014-05-27 03:30:00;387,03664197850446;0,494451001337933
2014-05-27 04:00:00;370,4876746951482;0,49539663393281996
2014-05-27 04:30:00;366,25170182034594;0,4963735825951457
2014-05-27 05:00:00;374,5932218936372;0,4952603779702119
2014-05-27 05:30:00;394,77756680490495;0,4945642447659866
2014-05-27 06:00:00;425,16113318451806;0,4944850571263797
2014-05-27 06:30:00;463,3837109754465;0,4966258079071839
2014-05-27 07:00:00;506,60786461145204;0,48896681016025645
2014-05-27 07:30:00;551,7948766091718;0,48431899082727714
2014-05-27 08:00:00;596,0401136344917;0,4867748230351318
2014-05-27 08:30:00;636,8007505046007;0,49225264263322
2014-05-27 09:00:00;672,1222916406269;0,4981544906522438
2014-05-27 09:30:00;700,7275466671102;0,5042696763226293
2014-05-27 10:00:00;722,0466010781485;0,5043509304295777
2014-05-27 10:30:00;736,200461532489;0,5038591651215658
2014-05-27 11:00:00;743,8844582130374;0,5039895327362494
2014-05-27 11:30:00;746,1908625089575;0,5033682137939197
2014-05-27 12:00:00;744,4444298173631;0,50265128460133
2014-05-27 12:30:00;740,0214528641521;0,5023184820190144
2014-05-27 13:00:00;734,2163321293906;0,5023338718180577
2014-05-27 13:30:00;728,1898911720971;0,49639506750026596
2014-05-27 14:00:00;722,9153589742033;0,496954253064143
2014-05-27 14:30:00;719,1111453283548;0,49775298809900853
2014-05-27 15:00:00;717,32361493088;0,4925461006367702
2014-05-27 15:30:00;717,9657169184068;0,4942761962483878
2014-05-27 16:00:00;721,318695743992;0,49804424652081447
2014-05-27 16:30:00;727,6046265741755;0,4953045482804476
2014-05-27 17:00:00;736,9735384880834;0,4985112130235382
2014-05-27 17:30:00;749,4967817162061;0,4937777853683576
2014-05-27 18:00:00;765,0825506568763;0,49007906223185704
2014-05-27 18:30:00;783,4486523398914;0,4853329942813418
2014-05-27 19:00:00;804,0398238978951;0,47996723134786395
2014-05-27 19:30:00;826,0065065791873;0,47448156471208636
2014-05-27 20:00:00;848,1288639040216;0,46942563878833765
2014-05-27 20:30:00;868,8962529677536;0,465333986540782
2014-05-27 21:00:00;886,5810167114652;0,46269730166003187
2014-05-27 21:30:00;899,3410223289851;0,46819460419651343
2014-05-27 22:00:00;905,4454527290509;0,4696831851514669
2014-05-27 22:30:00;903,4566569548596;0,4706875753545473
2014-05-27 23:00:00;892,4088835042702;0,4713794783522714
2014-05-27 23:30:00;872,0227784014786;0,47191792734070287
2014-05-28 00:00:00;842,785162128301;0,47249574012392287
2014-05-28 00:30:00;805,971447155897;0,4733207313412961
2014-05-28 01:00:00;763,5838996299086;0,47459764524955816
2014-05-28 01:30:00;718,239276586818;0,4764908002078278
2014-05-28 02:00:00;672,9415519804063;0,4641313565727966
2014-05-28 02:30:00;630,8180086901563;0,446740925884535
2014-05-28 03:00:00;594,8271938962484;0,43998180518866264
2014-05-28 03:30:00;567,4916733520573;0,44237916137830646
2014-05-28 04:00:00;550,6726625803667;0,4452673177006451
2014-05-28 04:30:00;545,3928044636892;0,44394378341973273
2014-05-28 05:00:00;551,7351352172669;0,4397230862186181
2014-05-28 05:30:00;568,8894571311913;0,43568090325246234
2014-05-28 06:00:00;595,2465265330704;0,43188357658296617
2014-05-28 06:30:00;628,555061383652;0,42184816373988365
2014-05-28 07:00:00;666,1521456417722;0,41506325019843215
2014-05-28 07:30:00;705,2493686781353;0,41237649592921194
2014-05-28 08:00:00;743,227063039637;0,4045435239445852
2014-05-28 08:30:00;777,8437246545327;0,4011496782379954
2014-05-28 09:00:00;807,347855580128;0,40291167321263494
2014-05-28 09:30:00;830,7377246004179;0,3988387528891464
2014-05-28 10:00:00;847,6738543347753;0,40114196154007603
2014-05-28 10:30:00;858,3956413212802;0,40346121231182186
2014-05-28 11:00:00;863,5820381858035;0,3994473433549587
2014-05-28 11:30:00;864,3123912224008;0,4006038393708117
2014-05-28 12:00:00;861,8501444542806;0,4014875914562638
2014-05-28 12:30:00;857,4877136160796;0,4025026490013392
2014-05-28 13:00:00;852,3798009683173;0,39740827477601115
2014-05-28 13:30:00;847,5347079670124;0,39870062988039456
2014-05-28 14:00:00;843,7446152758749;0,40011317345505903
2014-05-28 14:30:00;841,5924519914356;0,3953877357030718
2014-05-28 15:00:00;841,4856894686292;0,396679438925965
2014-05-28 15:30:00;843,6755377319413;0,3978098817896616
2014-05-28 16:00:00;848,3223418872167;0,39256685880082387
2014-05-28 16:30:00;855,5100579818445;0,39342791896376733
2014-05-28 17:00:00;865,3040394452656;0,3941359901751155
2014-05-28 17:30:00;877,6533071301712;0,39469541598971514
2014-05-28 18:00:00;892,3899768982855;0,3888797011135063
2014-05-28 18:30:00;909,2077870319781;0,3882765061940973
2014-05-28 19:00:00;927,5634438745731;0,38404918800267934
2014-05-28 19:30:00;946,6867817742934;0,386225854733273
2014-05-28 20:00:00;965,4974246982401;0,38265601184113235
2014-05-28 20:30:00;982,5901840279515;0,379936416472966
2014-05-28 21:00:00;996,4968988680306;0,37840292803508135
2014-05-28 21:30:00;1005,6505102282266;0,38459823209001726
2014-05-28 22:00:00;1008,6030866012288;0,38530632114609586
2014-05-28 22:30:00;1004,1003876503173;0,3847796240206713
2014-05-28 23:00:00;991,3729829929898;0,38396024334223394
2014-05-28 23:30:00;970,225503297261;0,3892732126280528
2014-05-29 00:00:00;941,161317404601;0,3884152955275745
2014-05-29 00:30:00;905,3727397366756;0,38159138422166977
2014-05-29 01:00:00;864,6902934840213;0,38149869329263797
2014-05-29 01:30:00;821,4936832738264;0,3820426627544713
2014-05-29 02:00:00;778,4456202624574;0,37709603389437213
2014-05-29 02:30:00;738,3394274201921;0,3668297137906649
2014-05-29 03:00:00;703,7654047217487;0,3683669474219604
2014-05-29 03:30:00;676,9167857304886;0,37058027058850385
2014-05-29 04:00:00;659,4093752156591;0,373328349985898
2014-05-29 04:30:00;652,1140974435585;0,3733513768045027
2014-05-29 05:00:00;655,1131754345275;0,36972354758772324
2014-05-29 05:30:00;667,6642043567008;0,3661901547232598
2014-05-29 06:00:00;688,3536259669941;0,3629559491179013
2014-05-29 06:30:00;715,2474450627375;0,3573683237461728
2014-05-29 07:00:00;746,0333976436666;0,3541100379577547
2014-05-29 07:30:00;778,2482877448116;0,35112186572569226
2014-05-29 08:00:00;809,5014712736844;0,35047398329774904
2014-05-29 08:30:00;837,7215047365636;0,3444888867192121
2014-05-29 09:00:00;861,3670770480389;0,3451371679459078
2014-05-29 09:30:00;879,6455895360905;0,34599176014005
2014-05-29 10:00:00;892,2981887102354;0,3469413502253471
2014-05-29 10:30:00;899,5941853659785;0,3478962892453892
2014-05-29 11:00:00;902,2416123489584;0,34877642328080516
2014-05-29 11:30:00;901,2311155427714;0,34882133838662976
2014-05-29 12:00:00;897,6808887780958;0,3427587497658078
2014-05-29 12:30:00;892,6780003155311;0,3431098828315928
2014-05-29 13:00:00;887,3045328468755;0,3436109101857861
2014-05-29 13:30:00;882,4291670056072;0,3442458306519059
2014-05-29 14:00:00;878,6149941350892;0,34501951705051503
2014-05-29 14:30:00;876,2897043281539;0,3459254936468627
2014-05-29 15:00:00;875,8467043825675;0,34586707404003103
2014-05-29 15:30:00;877,514093923656;0,3455040515037908
2014-05-29 16:00:00;881,3572462571033;0,3387935270165344
2014-05-29 16:30:00;887,5680255149477;0,33826434902866187
2014-05-29 17:00:00;896,232481505151;0,33769814086434685
2014-05-29 17:30:00;907,3762550498659;0,3371410198740463
2014-05-29 18:00:00;920,9203814403472;0,3366482175627623
2014-05-29 18:30:00;936,4537741090338;0,3362508366999513
2014-05-29 19:00:00;953,4488262192643;0,336006868357835
2014-05-29 19:30:00;971,0835530025751;0,33597759617327494
2014-05-29 20:00:00;988,6880724682358;0,3425940821282636
2014-05-29 20:30:00;1004,7202599429162;0,3433399788881609
2014-05-29 21:00:00;1017,8937376089685;0,3428171701007301
2014-05-29 21:30:00;1026,8139930256916;0,3428355636256468
2014-05-29 22:00:00;1030,0099746574176;0,3421700901662539
2014-05-29 22:30:00;1026,0423565130404;0,3403213101737933
2014-05-29 23:00:00;1013,5316141470498;0,3385037162407421
2014-05-29 23:30:00;992,2359352656335;0,3368902093843892
2014-05-30 00:00:00;962,6670379321887;0,3356384791478115
